Workbook

Sheet PANDUAN
A1: TEMPLAT BORANG HAKIM | CDKK @FESMA 2026 | PANDUAN
A2: Baca panduan ini sekali sebelum guna. Sel KUNING = isi/pilih. Sel BIRU = formula, jangan taip.
B5: TUJUAN
B6: A | C6: Fungsi borang | D6: Borang pemarkahan alternatif sebagai sandaran kepada halaman Hakim dalam Portal CDKK. Ia TIDAK bersambung dengan sistem Apps Script.
B7: B | C7: Hala tuju markah | D7: Markah daripada borang ini dimasukkan ke fail Rumusan Urusetia oleh Urusetia Kehakiman (lihat tab SALIN).
B8: C | C8: Borang yang betul | D8: Sembilan komponen, Kandungan, fakta dan mesej bernilai 15 markah, jumlah 100. Jangan guna borang Jun lama yang 8 komponen.
B10: CARA GUNA DI KOMPUTER
B11: 1 | C11: Salin fail | D11: Fail > Buat salinan, tiga kali: satu setiap hakim (CDKK_Borang_Hakim_H1, _H2, _H3). Kongsi setiap salinan kepada hakim berkenaan SAHAJA. H1 = Ketua Hakim, H2 dan H3 = Panel Hakim.
B12: 2 | C12: Buka tab PEMARKAHAN | D12: Pilih Kod hakim dalam dropdown, taip nama dan tarikh. Sel KUNING dan sel berwarna komponen ialah ruang untuk diisi. Sel BIRU ialah formula, jangan taip.
B13: 3 | C13: Pilih markah (dropdown) | D13: Markah TIDAK boleh ditaip. Klik sel, klik anak panah dan PILIH nombor. Senarai hanya sehingga maksimum setiap komponen, jadi markah tidak mungkin melebihi had. Nombor di luar senarai ditolak.
B14: 4 | C14: Peraturan komponen | D14: Pilih Ya pada Audio senyap (Audio jadi 0), Tiada AURORA (AURORA jadi 0) atau AURORA pegun (AURORA siling 2). Formula menggunakannya sendiri, markah asal anda kekal dalam sel.
B15: 5 | C15: Komponen bawah 60% | D15: Sel bertukar oren bila markah kurang 60% daripada maksimum. Lajur Justifikasi WAJIB diisi, dan Semakan menunjukkan JUSTIFIKASI WAJIB sehingga ia diisi.
B16: 6 | C16: Penalti (dropdown) | D16: Penalti aset (0 hingga 3) dan budi bicara (0 hingga 2) dipilih oleh hakim sendiri. Sistem tidak memotong secara automatik. Sebab penalti WAJIB bila penalti lebih daripada 0.
B17: 7 | C17: Jumlah dikira sendiri | D17: Jumlah komponen, jumlah selepas peraturan, penalti dan JUMLAH AKHIR dikira automatik. Semakan menunjukkan LENGKAP bila semua syarat dipenuhi.
B18: 8 | C18: Siap dan serah | D18: Isi ulasan dan perakuan di bawah jadual. Status borang bertukar SEDIA DISERAH. Beritahu Urusetia Kehakiman, yang menyalin tab SALIN ke fail Rumusan.
B20: PASUKAN TARIK DIRI ATAU BATAL
B21: 1 | C21: Tukar status | D21: Tukar lajur Status pasukan kepada Tarik diri atau BATAL. Barisnya dikecualikan daripada semakan dan tidak perlu diisi.
B23: CARA CETAK (JIKA KOMPUTER BERMASALAH)
B24: 1 | C24: Buka tab CETAK | D24: Fail > Cetak, pilih Helaian semasa, A4, Landscape, Muat ke lebar. Dua muka: muka 1 markah sembilan komponen, muka 2 penalti, justifikasi dan perakuan.
B25: 2 | C25: Isi dengan pen | D25: Hakim mengisi dengan pen dan menandatangani. Urusetia Kehakiman menaip semula ke borang komputer atau terus ke fail Rumusan.
B26: 3 | C26: Borang kosong | D26: Tab CETAK ialah borang kosong yang sama susunan dengan PEMARKAHAN dan tidak mengandungi formula.
B28: PENGIRAAN
B29: 1 | C29: Formula | D29: JUMLAH AKHIR = jumlah selepas peraturan komponen tolak penalti, tidak kurang daripada 0.
B30: 2 | C30: Rujukan | D30: Garis Panduan CDKK 2026 Seksyen 15 hingga 17, penalti Seksyen 16. Jika berlaku percanggahan, Garis Panduan menang.
B32: PERLINDUNGAN SEL (DISYORKAN)
B33: 1 | C33: Lindungi formula | D33: Fail dibina tanpa perlindungan sel supaya hakim tidak terkunci. Untuk melindungi: pilih lajur U hingga Y dan baris Maksimum, Data > Lindungi helaian dan julat > Papar amaran apabila mengedit julat ini.

Sheet PEMARKAHAN
A1: BORANG PEMARKAHAN PANEL HAKIM | CDKK @FESMA 2026
A2: Alternatif sandaran. Sembilan komponen, 100 markah. Markah DIPILIH daripada dropdown (tidak boleh ditaip). Sel KUNING dan warna komponen = pilih/isi. Sel BIRU = formula, jangan taip.
A3: Kod hakim | C3: H1 | D3: Peranan | F3: =IF(C3="H1","Ketua Hakim",IF(OR(C3="H2",C3="H3"),"Panel Hakim","")) | H3: Nama hakim | N3: Tarikh
A5: PASUKAN | E5: SEMBILAN KOMPONEN (pilih markah dalam dropdown) | N5: PERATURAN KOMPONEN | Q5: PENALTI HAKIM | T5: JUSTIFIKASI | U5: DIKIRA AUTOMATIK
A6: Bil | B6: Negeri | C6: Pasukan | D6: Status pasukan | E6: Kreativiti konsep dan visual | F6: Kandungan, fakta dan mesej | G6: Canva | H6: AI (imej, watak, avatar) | I6: CapCut dan video | J6: Audio (lagu, muzik, suara) | K6: Etika, sumber, deklarasi AI | L6: Persembahan dan soal jawab | M6: Watak AURORA | N6: Audio senyap | O6: Tiada AURORA | P6: AURORA pegun | Q6: Penalti aset (0-3) | R6: Penalti budi bicara (0-2) | S6: Sebab penalti | T6: Justifikasi (wajib bila komponen bawah 60%) | U6: Jumlah komponen | V6: Jumlah selepas peraturan | W6: Penalti | X6: JUMLAH AKHIR | Y6: Semakan
B7: Maksimum | E7: 20 | F7: 15 | G7: 15 | H7: 10 | I7: 10 | J7: 10 | K7: 5 | L7: 10 | M7: 5 | Q7: 3 | R7: 2 | U7: =SUM(E7:M7) | X7: =U7
A8: 1 | B8: PERLIS | C8: NOVA | D8: Aktif | N8: Tidak | O8: Tidak | P8: Tidak | U8: =IF(AND(D8="Aktif",COUNT(E8:M8)=9),SUM(E8:M8),"") | V8: =IF(U8="","",U8-J8-M8+IF(N8="Ya",0,J8)+IF(O8="Ya",0,IF(P8="Ya",MIN(M8,2),M8))) | W8: =IF(U8="","",SUM(Q8:R8)) | X8: =IF(V8="","",MAX(0,V8-W8)) | Y8: =IF(D8<>"Aktif","Dikecualikan",IF(COUNTA(E8:M8)=0,"Belum diisi",IF(COUNT(E8:M8)<9,"Belum lengkap",IF(OR(SUMPRODUCT((E8:M8>$E$7:$M$7)*1)>0,SUMPRODUCT((E8:M8<0)*1)>0,SUMPRODUCT((E8:M8<>INT(E8:M8))*1)>0,N(Q8)>3,N(R8)>2),"MELEBIHI HAD",IF(AND(SUMPRODUCT((E8:M8<0.6*$E$7:$M$7)*1)>0,T8=""),"JUSTIFIKASI WAJIB",IF(AND(SUM(Q8:R8)>0,S8=""),"SEBAB PENALTI WAJIB","LENGKAP"))))))
A9: 2 | B9: KEDAH | C9: KDH BUDDY | D9: Aktif | N9: Tidak | O9: Tidak | P9: Tidak | U9: =IF(AND(D9="Aktif",COUNT(E9:M9)=9),SUM(E9:M9),"") | V9: =IF(U9="","",U9-J9-M9+IF(N9="Ya",0,J9)+IF(O9="Ya",0,IF(P9="Ya",MIN(M9,2),M9))) | W9: =IF(U9="","",SUM(Q9:R9)) | X9: =IF(V9="","",MAX(0,V9-W9)) | Y9: =IF(D9<>"Aktif","Dikecualikan",IF(COUNTA(E9:M9)=0,"Belum diisi",IF(COUNT(E9:M9)<9,"Belum lengkap",IF(OR(SUMPRODUCT((E9:M9>$E$7:$M$7)*1)>0,SUMPRODUCT((E9:M9<0)*1)>0,SUMPRODUCT((E9:M9<>INT(E9:M9))*1)>0,N(Q9)>3,N(R9)>2),"MELEBIHI HAD",IF(AND(SUMPRODUCT((E9:M9<0.6*$E$7:$M$7)*1)>0,T9=""),"JUSTIFIKASI WAJIB",IF(AND(SUM(Q9:R9)>0,S9=""),"SEBAB PENALTI WAJIB","LENGKAP"))))))
A10: 3 | B10: PULAU PINANG | C10: RAFIQ RANGERS | D10: Aktif | N10: Tidak | O10: Tidak | P10: Tidak | U10: =IF(AND(D10="Aktif",COUNT(E10:M10)=9),SUM(E10:M10),"") | V10: =IF(U10="","",U10-J10-M10+IF(N10="Ya",0,J10)+IF(O10="Ya",0,IF(P10="Ya",MIN(M10,2),M10))) | W10: =IF(U10="","",SUM(Q10:R10)) | X10: =IF(V10="","",MAX(0,V10-W10)) | Y10: =IF(D10<>"Aktif","Dikecualikan",IF(COUNTA(E10:M10)=0,"Belum diisi",IF(COUNT(E10:M10)<9,"Belum lengkap",IF(OR(SUMPRODUCT((E10:M10>$E$7:$M$7)*1)>0,SUMPRODUCT((E10:M10<0)*1)>0,SUMPRODUCT((E10:M10<>INT(E10:M10))*1)>0,N(Q10)>3,N(R10)>2),"MELEBIHI HAD",IF(AND(SUMPRODUCT((E10:M10<0.6*$E$7:$M$7)*1)>0,T10=""),"JUSTIFIKASI WAJIB",IF(AND(SUM(Q10:R10)>0,S10=""),"SEBAB PENALTI WAJIB","LENGKAP"))))))
A11: 4 | B11: KELANTAN | C11: SHE ATE | D11: Aktif | N11: Tidak | O11: Tidak | P11: Tidak | U11: =IF(AND(D11="Aktif",COUNT(E11:M11)=9),SUM(E11:M11),"") | V11: =IF(U11="","",U11-J11-M11+IF(N11="Ya",0,J11)+IF(O11="Ya",0,IF(P11="Ya",MIN(M11,2),M11))) | W11: =IF(U11="","",SUM(Q11:R11)) | X11: =IF(V11="","",MAX(0,V11-W11)) | Y11: =IF(D11<>"Aktif","Dikecualikan",IF(COUNTA(E11:M11)=0,"Belum diisi",IF(COUNT(E11:M11)<9,"Belum lengkap",IF(OR(SUMPRODUCT((E11:M11>$E$7:$M$7)*1)>0,SUMPRODUCT((E11:M11<0)*1)>0,SUMPRODUCT((E11:M11<>INT(E11:M11))*1)>0,N(Q11)>3,N(R11)>2),"MELEBIHI HAD",IF(AND(SUMPRODUCT((E11:M11<0.6*$E$7:$M$7)*1)>0,T11=""),"JUSTIFIKASI WAJIB",IF(AND(SUM(Q11:R11)>0,S11=""),"SEBAB PENALTI WAJIB","LENGKAP"))))))
A12: 5 | B12: TERENGGANU | C12: WIRAWATI CYBER | D12: Aktif | N12: Tidak | O12: Tidak | P12: Tidak | U12: =IF(AND(D12="Aktif",COUNT(E12:M12)=9),SUM(E12:M12),"") | V12: =IF(U12="","",U12-J12-M12+IF(N12="Ya",0,J12)+IF(O12="Ya",0,IF(P12="Ya",MIN(M12,2),M12))) | W12: =IF(U12="","",SUM(Q12:R12)) | X12: =IF(V12="","",MAX(0,V12-W12)) | Y12: =IF(D12<>"Aktif","Dikecualikan",IF(COUNTA(E12:M12)=0,"Belum diisi",IF(COUNT(E12:M12)<9,"Belum lengkap",IF(OR(SUMPRODUCT((E12:M12>$E$7:$M$7)*1)>0,SUMPRODUCT((E12:M12<0)*1)>0,SUMPRODUCT((E12:M12<>INT(E12:M12))*1)>0,N(Q12)>3,N(R12)>2),"MELEBIHI HAD",IF(AND(SUMPRODUCT((E12:M12<0.6*$E$7:$M$7)*1)>0,T12=""),"JUSTIFIKASI WAJIB",IF(AND(SUM(Q12:R12)>0,S12=""),"SEBAB PENALTI WAJIB","LENGKAP"))))))
A13: 6 | B13: PAHANG | C13: YH SRIKANDI | D13: Aktif | N13: Tidak | O13: Tidak | P13: Tidak | U13: =IF(AND(D13="Aktif",COUNT(E13:M13)=9),SUM(E13:M13),"") | V13: =IF(U13="","",U13-J13-M13+IF(N13="Ya",0,J13)+IF(O13="Ya",0,IF(P13="Ya",MIN(M13,2),M13))) | W13: =IF(U13="","",SUM(Q13:R13)) | X13: =IF(V13="","",MAX(0,V13-W13)) | Y13: =IF(D13<>"Aktif","Dikecualikan",IF(COUNTA(E13:M13)=0,"Belum diisi",IF(COUNT(E13:M13)<9,"Belum lengkap",IF(OR(SUMPRODUCT((E13:M13>$E$7:$M$7)*1)>0,SUMPRODUCT((E13:M13<0)*1)>0,SUMPRODUCT((E13:M13<>INT(E13:M13))*1)>0,N(Q13)>3,N(R13)>2),"MELEBIHI HAD",IF(AND(SUMPRODUCT((E13:M13<0.6*$E$7:$M$7)*1)>0,T13=""),"JUSTIFIKASI WAJIB",IF(AND(SUM(Q13:R13)>0,S13=""),"SEBAB PENALTI WAJIB","LENGKAP"))))))
A14: 7 | B14: NEGERI SEMBILAN | C14: WAGHIH TECHNOVA | D14: Aktif | N14: Tidak | O14: Tidak | P14: Tidak | U14: =IF(AND(D14="Aktif",COUNT(E14:M14)=9),SUM(E14:M14),"") | V14: =IF(U14="","",U14-J14-M14+IF(N14="Ya",0,J14)+IF(O14="Ya",0,IF(P14="Ya",MIN(M14,2),M14))) | W14: =IF(U14="","",SUM(Q14:R14)) | X14: =IF(V14="","",MAX(0,V14-W14)) | Y14: =IF(D14<>"Aktif","Dikecualikan",IF(COUNTA(E14:M14)=0,"Belum diisi",IF(COUNT(E14:M14)<9,"Belum lengkap",IF(OR(SUMPRODUCT((E14:M14>$E$7:$M$7)*1)>0,SUMPRODUCT((E14:M14<0)*1)>0,SUMPRODUCT((E14:M14<>INT(E14:M14))*1)>0,N(Q14)>3,N(R14)>2),"MELEBIHI HAD",IF(AND(SUMPRODUCT((E14:M14<0.6*$E$7:$M$7)*1)>0,T14=""),"JUSTIFIKASI WAJIB",IF(AND(SUM(Q14:R14)>0,S14=""),"SEBAB PENALTI WAJIB","LENGKAP"))))))
A15: 8 | B15: MELAKA | C15: TUN TEJA | D15: Aktif | N15: Tidak | O15: Tidak | P15: Tidak | U15: =IF(AND(D15="Aktif",COUNT(E15:M15)=9),SUM(E15:M15),"") | V15: =IF(U15="","",U15-J15-M15+IF(N15="Ya",0,J15)+IF(O15="Ya",0,IF(P15="Ya",MIN(M15,2),M15))) | W15: =IF(U15="","",SUM(Q15:R15)) | X15: =IF(V15="","",MAX(0,V15-W15)) | Y15: =IF(D15<>"Aktif","Dikecualikan",IF(COUNTA(E15:M15)=0,"Belum diisi",IF(COUNT(E15:M15)<9,"Belum lengkap",IF(OR(SUMPRODUCT((E15:M15>$E$7:$M$7)*1)>0,SUMPRODUCT((E15:M15<0)*1)>0,SUMPRODUCT((E15:M15<>INT(E15:M15))*1)>0,N(Q15)>3,N(R15)>2),"MELEBIHI HAD",IF(AND(SUMPRODUCT((E15:M15<0.6*$E$7:$M$7)*1)>0,T15=""),"JUSTIFIKASI WAJIB",IF(AND(SUM(Q15:R15)>0,S15=""),"SEBAB PENALTI WAJIB","LENGKAP"))))))
A16: 9 | B16: PERAK | C16: VORTEX | D16: Aktif | N16: Tidak | O16: Tidak | P16: Tidak | U16: =IF(AND(D16="Aktif",COUNT(E16:M16)=9),SUM(E16:M16),"") | V16: =IF(U16="","",U16-J16-M16+IF(N16="Ya",0,J16)+IF(O16="Ya",0,IF(P16="Ya",MIN(M16,2),M16))) | W16: =IF(U16="","",SUM(Q16:R16)) | X16: =IF(V16="","",MAX(0,V16-W16)) | Y16: =IF(D16<>"Aktif","Dikecualikan",IF(COUNTA(E16:M16)=0,"Belum diisi",IF(COUNT(E16:M16)<9,"Belum lengkap",IF(OR(SUMPRODUCT((E16:M16>$E$7:$M$7)*1)>0,SUMPRODUCT((E16:M16<0)*1)>0,SUMPRODUCT((E16:M16<>INT(E16:M16))*1)>0,N(Q16)>3,N(R16)>2),"MELEBIHI HAD",IF(AND(SUMPRODUCT((E16:M16<0.6*$E$7:$M$7)*1)>0,T16=""),"JUSTIFIKASI WAJIB",IF(AND(SUM(Q16:R16)>0,S16=""),"SEBAB PENALTI WAJIB","LENGKAP"))))))
A17: 10 | B17: SELANGOR | C17: BYTESYNC | D17: Aktif | N17: Tidak | O17: Tidak | P17: Tidak | U17: =IF(AND(D17="Aktif",COUNT(E17:M17)=9),SUM(E17:M17),"") | V17: =IF(U17="","",U17-J17-M17+IF(N17="Ya",0,J17)+IF(O17="Ya",0,IF(P17="Ya",MIN(M17,2),M17))) | W17: =IF(U17="","",SUM(Q17:R17)) | X17: =IF(V17="","",MAX(0,V17-W17)) | Y17: =IF(D17<>"Aktif","Dikecualikan",IF(COUNTA(E17:M17)=0,"Belum diisi",IF(COUNT(E17:M17)<9,"Belum lengkap",IF(OR(SUMPRODUCT((E17:M17>$E$7:$M$7)*1)>0,SUMPRODUCT((E17:M17<0)*1)>0,SUMPRODUCT((E17:M17<>INT(E17:M17))*1)>0,N(Q17)>3,N(R17)>2),"MELEBIHI HAD",IF(AND(SUMPRODUCT((E17:M17<0.6*$E$7:$M$7)*1)>0,T17=""),"JUSTIFIKASI WAJIB",IF(AND(SUM(Q17:R17)>0,S17=""),"SEBAB PENALTI WAJIB","LENGKAP"))))))
A18: 11 | B18: JOHOR | C18: DWI KARYA | D18: Aktif | N18: Tidak | O18: Tidak | P18: Tidak | U18: =IF(AND(D18="Aktif",COUNT(E18:M18)=9),SUM(E18:M18),"") | V18: =IF(U18="","",U18-J18-M18+IF(N18="Ya",0,J18)+IF(O18="Ya",0,IF(P18="Ya",MIN(M18,2),M18))) | W18: =IF(U18="","",SUM(Q18:R18)) | X18: =IF(V18="","",MAX(0,V18-W18)) | Y18: =IF(D18<>"Aktif","Dikecualikan",IF(COUNTA(E18:M18)=0,"Belum diisi",IF(COUNT(E18:M18)<9,"Belum lengkap",IF(OR(SUMPRODUCT((E18:M18>$E$7:$M$7)*1)>0,SUMPRODUCT((E18:M18<0)*1)>0,SUMPRODUCT((E18:M18<>INT(E18:M18))*1)>0,N(Q18)>3,N(R18)>2),"MELEBIHI HAD",IF(AND(SUMPRODUCT((E18:M18<0.6*$E$7:$M$7)*1)>0,T18=""),"JUSTIFIKASI WAJIB",IF(AND(SUM(Q18:R18)>0,S18=""),"SEBAB PENALTI WAJIB","LENGKAP"))))))
A19: 12 | B19: WILAYAH PERSEKUTUAN | C19: SRIKANDI ULTRA | D19: Aktif | N19: Tidak | O19: Tidak | P19: Tidak | U19: =IF(AND(D19="Aktif",COUNT(E19:M19)=9),SUM(E19:M19),"") | V19: =IF(U19="","",U19-J19-M19+IF(N19="Ya",0,J19)+IF(O19="Ya",0,IF(P19="Ya",MIN(M19,2),M19))) | W19: =IF(U19="","",SUM(Q19:R19)) | X19: =IF(V19="","",MAX(0,V19-W19)) | Y19: =IF(D19<>"Aktif","Dikecualikan",IF(COUNTA(E19:M19)=0,"Belum diisi",IF(COUNT(E19:M19)<9,"Belum lengkap",IF(OR(SUMPRODUCT((E19:M19>$E$7:$M$7)*1)>0,SUMPRODUCT((E19:M19<0)*1)>0,SUMPRODUCT((E19:M19<>INT(E19:M19))*1)>0,N(Q19)>3,N(R19)>2),"MELEBIHI HAD",IF(AND(SUMPRODUCT((E19:M19<0.6*$E$7:$M$7)*1)>0,T19=""),"JUSTIFIKASI WAJIB",IF(AND(SUM(Q19:R19)>0,S19=""),"SEBAB PENALTI WAJIB","LENGKAP"))))))
... A21: 14 | B21: SABAH | C21: BORNEO FRAME | D21: Aktif | N21: Tidak | O21: Tidak | P21: Tidak | U21: =IF(AND(D21="Aktif",COUNT(E21:M21)=9),SUM(E21:M21),"") | V21: =IF(U21="","",U21-J21-M21+IF(N21="Ya",0,J21)+IF(O21="Ya",0,IF(P21="Ya",MIN(M21,2),M21))) | W21: =IF(U21="","",SUM(Q21:R21)) | X21: =IF(V21="","",MAX(0,V21-W21)) | Y21: =IF(D21<>"Aktif","Dikecualikan",IF(COUNTA(E21:M21)=0,"Belum diisi",IF(COUNT(E21:M21)<9,"Belum lengkap",IF(OR(SUMPRODUCT((E21:M21>$E$7:$M$7)*1)>0,SUMPRODUCT((E21:M21<0)*1)>0,SUMPRODUCT((E21:M21<>INT(E21:M21))*1)>0,N(Q21)>3,N(R21)>2),"MELEBIHI HAD",IF(AND(SUMPRODUCT((E21:M21<0.6*$E$7:$M$7)*1)>0,T21=""),"JUSTIFIKASI WAJIB",IF(AND(SUM(Q21:R21)>0,S21=""),"SEBAB PENALTI WAJIB","LENGKAP"))))))
A23: Pasukan LENGKAP | E23: =COUNTIF(Y8:Y21,"LENGKAP")&" daripada "&COUNTIF(D8:D21,"Aktif")&" pasukan aktif"
A25: Ulasan keseluruhan dan cadangan hakim
A30: PERAKUAN HAKIM
A31: Nama hakim | E31: =IF(J3="","",J3) | J31: Kod hakim | M31: =C3
A32: Tarikh dan masa selesai | J32: Markah ini penilaian saya sendiri (Ya/Tidak) | M32: Tidak
A33: STATUS BORANG | E33: =IF(AND(COUNTIF(Y8:Y21,"LENGKAP")=COUNTIF(D8:D21,"Aktif"),COUNTIF(D8:D21,"Aktif")>0,C3<>"",J3<>"",M32="Ya"),"SEDIA DISERAH KEPADA URUSETIA KEHAKIMAN","BELUM SEDIA: semak lajur Semakan, nama hakim dan perakuan")

Sheet SALIN
A1: SALIN KE RUMUSAN URUSETIA | hanya baris LENGKAP dipaparkan
A2: Urusetia: salin A5:M18 dan tampal sebagai NILAI SAHAJA (Ctrl+Shift+V) ke sel A6 pada tab H1, H2 atau H3 dalam fail Rumusan. Audio dan AURORA sudah mengikut peraturan komponen.
A3: Kod hakim: | B3: =PEMARKAHAN!C3 | C3: Nama: | E3: =IF(PEMARKAHAN!J3="","",PEMARKAHAN!J3)
A4: Negeri | B4: Kreativiti | C4: Kandungan | D4: Canva | E4: AI | F4: CapCut | G4: Audio | H4: Etika | I4: Persembahan | J4: AURORA | K4: Penalti aset | L4: Penalti budi | M4: Jumlah akhir
A5: =PEMARKAHAN!B8 | B5: =IF(PEMARKAHAN!$Y8="LENGKAP",PEMARKAHAN!E8,"") | C5: =IF(PEMARKAHAN!$Y8="LENGKAP",PEMARKAHAN!F8,"") | D5: =IF(PEMARKAHAN!$Y8="LENGKAP",PEMARKAHAN!G8,"") | E5: =IF(PEMARKAHAN!$Y8="LENGKAP",PEMARKAHAN!H8,"") | F5: =IF(PEMARKAHAN!$Y8="LENGKAP",PEMARKAHAN!I8,"") | G5: =IF(PEMARKAHAN!$Y8="LENGKAP",IF(PEMARKAHAN!N8="Ya",0,PEMARKAHAN!J8),"") | H5: =IF(PEMARKAHAN!$Y8="LENGKAP",PEMARKAHAN!K8,"") | I5: =IF(PEMARKAHAN!$Y8="LENGKAP",PEMARKAHAN!L8,"") | J5: =IF(PEMARKAHAN!$Y8="LENGKAP",IF(PEMARKAHAN!O8="Ya",0,IF(PEMARKAHAN!P8="Ya",MIN(PEMARKAHAN!M8,2),PEMARKAHAN!M8)),"") | K5: =IF(PEMARKAHAN!$Y8="LENGKAP",N(PEMARKAHAN!Q8),"") | L5: =IF(PEMARKAHAN!$Y8="LENGKAP",N(PEMARKAHAN!R8),"") | M5: =IF(PEMARKAHAN!$Y8="LENGKAP",PEMARKAHAN!X8,"")
A6: =PEMARKAHAN!B9 | B6: =IF(PEMARKAHAN!$Y9="LENGKAP",PEMARKAHAN!E9,"") | C6: =IF(PEMARKAHAN!$Y9="LENGKAP",PEMARKAHAN!F9,"") | D6: =IF(PEMARKAHAN!$Y9="LENGKAP",PEMARKAHAN!G9,"") | E6: =IF(PEMARKAHAN!$Y9="LENGKAP",PEMARKAHAN!H9,"") | F6: =IF(PEMARKAHAN!$Y9="LENGKAP",PEMARKAHAN!I9,"") | G6: =IF(PEMARKAHAN!$Y9="LENGKAP",IF(PEMARKAHAN!N9="Ya",0,PEMARKAHAN!J9),"") | H6: =IF(PEMARKAHAN!$Y9="LENGKAP",PEMARKAHAN!K9,"") | I6: =IF(PEMARKAHAN!$Y9="LENGKAP",PEMARKAHAN!L9,"") | J6: =IF(PEMARKAHAN!$Y9="LENGKAP",IF(PEMARKAHAN!O9="Ya",0,IF(PEMARKAHAN!P9="Ya",MIN(PEMARKAHAN!M9,2),PEMARKAHAN!M9)),"") | K6: =IF(PEMARKAHAN!$Y9="LENGKAP",N(PEMARKAHAN!Q9),"") | L6: =IF(PEMARKAHAN!$Y9="LENGKAP",N(PEMARKAHAN!R9),"") | M6: =IF(PEMARKAHAN!$Y9="LENGKAP",PEMARKAHAN!X9,"")
A7: =PEMARKAHAN!B10 | B7: =IF(PEMARKAHAN!$Y10="LENGKAP",PEMARKAHAN!E10,"") | C7: =IF(PEMARKAHAN!$Y10="LENGKAP",PEMARKAHAN!F10,"") | D7: =IF(PEMARKAHAN!$Y10="LENGKAP",PEMARKAHAN!G10,"") | E7: =IF(PEMARKAHAN!$Y10="LENGKAP",PEMARKAHAN!H10,"") | F7: =IF(PEMARKAHAN!$Y10="LENGKAP",PEMARKAHAN!I10,"") | G7: =IF(PEMARKAHAN!$Y10="LENGKAP",IF(PEMARKAHAN!N10="Ya",0,PEMARKAHAN!J10),"") | H7: =IF(PEMARKAHAN!$Y10="LENGKAP",PEMARKAHAN!K10,"") | I7: =IF(PEMARKAHAN!$Y10="LENGKAP",PEMARKAHAN!L10,"") | J7: =IF(PEMARKAHAN!$Y10="LENGKAP",IF(PEMARKAHAN!O10="Ya",0,IF(PEMARKAHAN!P10="Ya",MIN(PEMARKAHAN!M10,2),PEMARKAHAN!M10)),"") | K7: =IF(PEMARKAHAN!$Y10="LENGKAP",N(PEMARKAHAN!Q10),"") | L7: =IF(PEMARKAHAN!$Y10="LENGKAP",N(PEMARKAHAN!R10),"") | M7: =IF(PEMARKAHAN!$Y10="LENGKAP",PEMARKAHAN!X10,"")
A8: =PEMARKAHAN!B11 | B8: =IF(PEMARKAHAN!$Y11="LENGKAP",PEMARKAHAN!E11,"") | C8: =IF(PEMARKAHAN!$Y11="LENGKAP",PEMARKAHAN!F11,"") | D8: =IF(PEMARKAHAN!$Y11="LENGKAP",PEMARKAHAN!G11,"") | E8: =IF(PEMARKAHAN!$Y11="LENGKAP",PEMARKAHAN!H11,"") | F8: =IF(PEMARKAHAN!$Y11="LENGKAP",PEMARKAHAN!I11,"") | G8: =IF(PEMARKAHAN!$Y11="LENGKAP",IF(PEMARKAHAN!N11="Ya",0,PEMARKAHAN!J11),"") | H8: =IF(PEMARKAHAN!$Y11="LENGKAP",PEMARKAHAN!K11,"") | I8: =IF(PEMARKAHAN!$Y11="LENGKAP",PEMARKAHAN!L11,"") | J8: =IF(PEMARKAHAN!$Y11="LENGKAP",IF(PEMARKAHAN!O11="Ya",0,IF(PEMARKAHAN!P11="Ya",MIN(PEMARKAHAN!M11,2),PEMARKAHAN!M11)),"") | K8: =IF(PEMARKAHAN!$Y11="LENGKAP",N(PEMARKAHAN!Q11),"") | L8: =IF(PEMARKAHAN!$Y11="LENGKAP",N(PEMARKAHAN!R11),"") | M8: =IF(PEMARKAHAN!$Y11="LENGKAP",PEMARKAHAN!X11,"")
A9: =PEMARKAHAN!B12 | B9: =IF(PEMARKAHAN!$Y12="LENGKAP",PEMARKAHAN!E12,"") | C9: =IF(PEMARKAHAN!$Y12="LENGKAP",PEMARKAHAN!F12,"") | D9: =IF(PEMARKAHAN!$Y12="LENGKAP",PEMARKAHAN!G12,"") | E9: =IF(PEMARKAHAN!$Y12="LENGKAP",PEMARKAHAN!H12,"") | F9: =IF(PEMARKAHAN!$Y12="LENGKAP",PEMARKAHAN!I12,"") | G9: =IF(PEMARKAHAN!$Y12="LENGKAP",IF(PEMARKAHAN!N12="Ya",0,PEMARKAHAN!J12),"") | H9: =IF(PEMARKAHAN!$Y12="LENGKAP",PEMARKAHAN!K12,"") | I9: =IF(PEMARKAHAN!$Y12="LENGKAP",PEMARKAHAN!L12,"") | J9: =IF(PEMARKAHAN!$Y12="LENGKAP",IF(PEMARKAHAN!O12="Ya",0,IF(PEMARKAHAN!P12="Ya",MIN(PEMARKAHAN!M12,2),PEMARKAHAN!M12)),"") | K9: =IF(PEMARKAHAN!$Y12="LENGKAP",N(PEMARKAHAN!Q12),"") | L9: =IF(PEMARKAHAN!$Y12="LENGKAP",N(PEMARKAHAN!R12),"") | M9: =IF(PEMARKAHAN!$Y12="LENGKAP",PEMARKAHAN!X12,"")
A10: =PEMARKAHAN!B13 | B10: =IF(PEMARKAHAN!$Y13="LENGKAP",PEMARKAHAN!E13,"") | C10: =IF(PEMARKAHAN!$Y13="LENGKAP",PEMARKAHAN!F13,"") | D10: =IF(PEMARKAHAN!$Y13="LENGKAP",PEMARKAHAN!G13,"") | E10: =IF(PEMARKAHAN!$Y13="LENGKAP",PEMARKAHAN!H13,"") | F10: =IF(PEMARKAHAN!$Y13="LENGKAP",PEMARKAHAN!I13,"") | G10: =IF(PEMARKAHAN!$Y13="LENGKAP",IF(PEMARKAHAN!N13="Ya",0,PEMARKAHAN!J13),"") | H10: =IF(PEMARKAHAN!$Y13="LENGKAP",PEMARKAHAN!K13,"") | I10: =IF(PEMARKAHAN!$Y13="LENGKAP",PEMARKAHAN!L13,"") | J10: =IF(PEMARKAHAN!$Y13="LENGKAP",IF(PEMARKAHAN!O13="Ya",0,IF(PEMARKAHAN!P13="Ya",MIN(PEMARKAHAN!M13,2),PEMARKAHAN!M13)),"") | K10: =IF(PEMARKAHAN!$Y13="LENGKAP",N(PEMARKAHAN!Q13),"") | L10: =IF(PEMARKAHAN!$Y13="LENGKAP",N(PEMARKAHAN!R13),"") | M10: =IF(PEMARKAHAN!$Y13="LENGKAP",PEMARKAHAN!X13,"")
A11: =PEMARKAHAN!B14 | B11: =IF(PEMARKAHAN!$Y14="LENGKAP",PEMARKAHAN!E14,"") | C11: =IF(PEMARKAHAN!$Y14="LENGKAP",PEMARKAHAN!F14,"") | D11: =IF(PEMARKAHAN!$Y14="LENGKAP",PEMARKAHAN!G14,"") | E11: =IF(PEMARKAHAN!$Y14="LENGKAP",PEMARKAHAN!H14,"") | F11: =IF(PEMARKAHAN!$Y14="LENGKAP",PEMARKAHAN!I14,"") | G11: =IF(PEMARKAHAN!$Y14="LENGKAP",IF(PEMARKAHAN!N14="Ya",0,PEMARKAHAN!J14),"") | H11: =IF(PEMARKAHAN!$Y14="LENGKAP",PEMARKAHAN!K14,"") | I11: =IF(PEMARKAHAN!$Y14="LENGKAP",PEMARKAHAN!L14,"") | J11: =IF(PEMARKAHAN!$Y14="LENGKAP",IF(PEMARKAHAN!O14="Ya",0,IF(PEMARKAHAN!P14="Ya",MIN(PEMARKAHAN!M14,2),PEMARKAHAN!M14)),"") | K11: =IF(PEMARKAHAN!$Y14="LENGKAP",N(PEMARKAHAN!Q14),"") | L11: =IF(PEMARKAHAN!$Y14="LENGKAP",N(PEMARKAHAN!R14),"") | M11: =IF(PEMARKAHAN!$Y14="LENGKAP",PEMARKAHAN!X14,"")
A12: =PEMARKAHAN!B15 | B12: =IF(PEMARKAHAN!$Y15="LENGKAP",PEMARKAHAN!E15,"") | C12: =IF(PEMARKAHAN!$Y15="LENGKAP",PEMARKAHAN!F15,"") | D12: =IF(PEMARKAHAN!$Y15="LENGKAP",PEMARKAHAN!G15,"") | E12: =IF(PEMARKAHAN!$Y15="LENGKAP",PEMARKAHAN!H15,"") | F12: =IF(PEMARKAHAN!$Y15="LENGKAP",PEMARKAHAN!I15,"") | G12: =IF(PEMARKAHAN!$Y15="LENGKAP",IF(PEMARKAHAN!N15="Ya",0,PEMARKAHAN!J15),"") | H12: =IF(PEMARKAHAN!$Y15="LENGKAP",PEMARKAHAN!K15,"") | I12: =IF(PEMARKAHAN!$Y15="LENGKAP",PEMARKAHAN!L15,"") | J12: =IF(PEMARKAHAN!$Y15="LENGKAP",IF(PEMARKAHAN!O15="Ya",0,IF(PEMARKAHAN!P15="Ya",MIN(PEMARKAHAN!M15,2),PEMARKAHAN!M15)),"") | K12: =IF(PEMARKAHAN!$Y15="LENGKAP",N(PEMARKAHAN!Q15),"") | L12: =IF(PEMARKAHAN!$Y15="LENGKAP",N(PEMARKAHAN!R15),"") | M12: =IF(PEMARKAHAN!$Y15="LENGKAP",PEMARKAHAN!X15,"")
A13: =PEMARKAHAN!B16 | B13: =IF(PEMARKAHAN!$Y16="LENGKAP",PEMARKAHAN!E16,"") | C13: =IF(PEMARKAHAN!$Y16="LENGKAP",PEMARKAHAN!F16,"") | D13: =IF(PEMARKAHAN!$Y16="LENGKAP",PEMARKAHAN!G16,"") | E13: =IF(PEMARKAHAN!$Y16="LENGKAP",PEMARKAHAN!H16,"") | F13: =IF(PEMARKAHAN!$Y16="LENGKAP",PEMARKAHAN!I16,"") | G13: =IF(PEMARKAHAN!$Y16="LENGKAP",IF(PEMARKAHAN!N16="Ya",0,PEMARKAHAN!J16),"") | H13: =IF(PEMARKAHAN!$Y16="LENGKAP",PEMARKAHAN!K16,"") | I13: =IF(PEMARKAHAN!$Y16="LENGKAP",PEMARKAHAN!L16,"") | J13: =IF(PEMARKAHAN!$Y16="LENGKAP",IF(PEMARKAHAN!O16="Ya",0,IF(PEMARKAHAN!P16="Ya",MIN(PEMARKAHAN!M16,2),PEMARKAHAN!M16)),"") | K13: =IF(PEMARKAHAN!$Y16="LENGKAP",N(PEMARKAHAN!Q16),"") | L13: =IF(PEMARKAHAN!$Y16="LENGKAP",N(PEMARKAHAN!R16),"") | M13: =IF(PEMARKAHAN!$Y16="LENGKAP",PEMARKAHAN!X16,"")
A14: =PEMARKAHAN!B17 | B14: =IF(PEMARKAHAN!$Y17="LENGKAP",PEMARKAHAN!E17,"") | C14: =IF(PEMARKAHAN!$Y17="LENGKAP",PEMARKAHAN!F17,"") | D14: =IF(PEMARKAHAN!$Y17="LENGKAP",PEMARKAHAN!G17,"") | E14: =IF(PEMARKAHAN!$Y17="LENGKAP",PEMARKAHAN!H17,"") | F14: =IF(PEMARKAHAN!$Y17="LENGKAP",PEMARKAHAN!I17,"") | G14: =IF(PEMARKAHAN!$Y17="LENGKAP",IF(PEMARKAHAN!N17="Ya",0,PEMARKAHAN!J17),"") | H14: =IF(PEMARKAHAN!$Y17="LENGKAP",PEMARKAHAN!K17,"") | I14: =IF(PEMARKAHAN!$Y17="LENGKAP",PEMARKAHAN!L17,"") | J14: =IF(PEMARKAHAN!$Y17="LENGKAP",IF(PEMARKAHAN!O17="Ya",0,IF(PEMARKAHAN!P17="Ya",MIN(PEMARKAHAN!M17,2),PEMARKAHAN!M17)),"") | K14: =IF(PEMARKAHAN!$Y17="LENGKAP",N(PEMARKAHAN!Q17),"") | L14: =IF(PEMARKAHAN!$Y17="LENGKAP",N(PEMARKAHAN!R17),"") | M14: =IF(PEMARKAHAN!$Y17="LENGKAP",PEMARKAHAN!X17,"")
A15: =PEMARKAHAN!B18 | B15: =IF(PEMARKAHAN!$Y18="LENGKAP",PEMARKAHAN!E18,"") | C15: =IF(PEMARKAHAN!$Y18="LENGKAP",PEMARKAHAN!F18,"") | D15: =IF(PEMARKAHAN!$Y18="LENGKAP",PEMARKAHAN!G18,"") | E15: =IF(PEMARKAHAN!$Y18="LENGKAP",PEMARKAHAN!H18,"") | F15: =IF(PEMARKAHAN!$Y18="LENGKAP",PEMARKAHAN!I18,"") | G15: =IF(PEMARKAHAN!$Y18="LENGKAP",IF(PEMARKAHAN!N18="Ya",0,PEMARKAHAN!J18),"") | H15: =IF(PEMARKAHAN!$Y18="LENGKAP",PEMARKAHAN!K18,"") | I15: =IF(PEMARKAHAN!$Y18="LENGKAP",PEMARKAHAN!L18,"") | J15: =IF(PEMARKAHAN!$Y18="LENGKAP",IF(PEMARKAHAN!O18="Ya",0,IF(PEMARKAHAN!P18="Ya",MIN(PEMARKAHAN!M18,2),PEMARKAHAN!M18)),"") | K15: =IF(PEMARKAHAN!$Y18="LENGKAP",N(PEMARKAHAN!Q18),"") | L15: =IF(PEMARKAHAN!$Y18="LENGKAP",N(PEMARKAHAN!R18),"") | M15: =IF(PEMARKAHAN!$Y18="LENGKAP",PEMARKAHAN!X18,"")
A16: =PEMARKAHAN!B19 | B16: =IF(PEMARKAHAN!$Y19="LENGKAP",PEMARKAHAN!E19,"") | C16: =IF(PEMARKAHAN!$Y19="LENGKAP",PEMARKAHAN!F19,"") | D16: =IF(PEMARKAHAN!$Y19="LENGKAP",PEMARKAHAN!G19,"") | E16: =IF(PEMARKAHAN!$Y19="LENGKAP",PEMARKAHAN!H19,"") | F16: =IF(PEMARKAHAN!$Y19="LENGKAP",PEMARKAHAN!I19,"") | G16: =IF(PEMARKAHAN!$Y19="LENGKAP",IF(PEMARKAHAN!N19="Ya",0,PEMARKAHAN!J19),"") | H16: =IF(PEMARKAHAN!$Y19="LENGKAP",PEMARKAHAN!K19,"") | I16: =IF(PEMARKAHAN!$Y19="LENGKAP",PEMARKAHAN!L19,"") | J16: =IF(PEMARKAHAN!$Y19="LENGKAP",IF(PEMARKAHAN!O19="Ya",0,IF(PEMARKAHAN!P19="Ya",MIN(PEMARKAHAN!M19,2),PEMARKAHAN!M19)),"") | K16: =IF(PEMARKAHAN!$Y19="LENGKAP",N(PEMARKAHAN!Q19),"") | L16: =IF(PEMARKAHAN!$Y19="LENGKAP",N(PEMARKAHAN!R19),"") | M16: =IF(PEMARKAHAN!$Y19="LENGKAP",PEMARKAHAN!X19,"")
... A18: =PEMARKAHAN!B21 | B18: =IF(PEMARKAHAN!$Y21="LENGKAP",PEMARKAHAN!E21,"") | C18: =IF(PEMARKAHAN!$Y21="LENGKAP",PEMARKAHAN!F21,"") | D18: =IF(PEMARKAHAN!$Y21="LENGKAP",PEMARKAHAN!G21,"") | E18: =IF(PEMARKAHAN!$Y21="LENGKAP",PEMARKAHAN!H21,"") | F18: =IF(PEMARKAHAN!$Y21="LENGKAP",PEMARKAHAN!I21,"") | G18: =IF(PEMARKAHAN!$Y21="LENGKAP",IF(PEMARKAHAN!N21="Ya",0,PEMARKAHAN!J21),"") | H18: =IF(PEMARKAHAN!$Y21="LENGKAP",PEMARKAHAN!K21,"") | I18: =IF(PEMARKAHAN!$Y21="LENGKAP",PEMARKAHAN!L21,"") | J18: =IF(PEMARKAHAN!$Y21="LENGKAP",IF(PEMARKAHAN!O21="Ya",0,IF(PEMARKAHAN!P21="Ya",MIN(PEMARKAHAN!M21,2),PEMARKAHAN!M21)),"") | K18: =IF(PEMARKAHAN!$Y21="LENGKAP",N(PEMARKAHAN!Q21),"") | L18: =IF(PEMARKAHAN!$Y21="LENGKAP",N(PEMARKAHAN!R21),"") | M18: =IF(PEMARKAHAN!$Y21="LENGKAP",PEMARKAHAN!X21,"")

Sheet CETAK
A1: BORANG PEMARKAHAN PANEL HAKIM | CDKK @FESMA 2026 | KERTAS SANDARAN
A2: Guna pen biru atau hitam. Markah NOMBOR BULAT dalam had maksimum. Serahkan borang ini kepada Urusetia Kehakiman jika komputer bermasalah.
A4: Nama hakim: | F4: Kod (H1 / H2 / H3): | K4: Tarikh: | N4: Masa mula:
A6: Bil | B6: Negeri | C6: Pasukan | D6: Kreativiti konsep dan visual | E6: Kandungan, fakta dan mesej | F6: Canva | G6: AI (imej, watak, avatar) | H6: CapCut dan video | I6: Audio (lagu, muzik, suara) | J6: Etika, sumber, deklarasi AI | K6: Persembahan dan soal jawab | L6: Watak AURORA | M6: Jumlah komponen | N6: Penalti | O6: JUMLAH AKHIR
B7: Maksimum | D7: 20 | E7: 15 | F7: 15 | G7: 10 | H7: 10 | I7: 10 | J7: 5 | K7: 10 | L7: 5 | M7: 100 | N7: maks 5 | O7: 100
A8: 1 | B8: PERLIS | C8: NOVA
A9: 2 | B9: KEDAH | C9: KDH BUDDY
A10: 3 | B10: PULAU PINANG | C10: RAFIQ RANGERS
A11: 4 | B11: KELANTAN | C11: SHE ATE
A12: 5 | B12: TERENGGANU | C12: WIRAWATI CYBER
A13: 6 | B13: PAHANG | C13: YH SRIKANDI
A14: 7 | B14: NEGERI SEMBILAN | C14: WAGHIH TECHNOVA
A15: 8 | B15: MELAKA | C15: TUN TEJA
A16: 9 | B16: PERAK | C16: VORTEX
A17: 10 | B17: SELANGOR | C17: BYTESYNC
A18: 11 | B18: JOHOR | C18: DWI KARYA
A19: 12 | B19: WILAYAH PERSEKUTUAN | C19: SRIKANDI ULTRA
... A21: 14 | B21: SABAH | C21: BORNEO FRAME
A23: PERATURAN KOMPONEN (tetapkan dahulu, kemudian isi markah): video senyap = Audio 0 | tiada watak AURORA = AURORA 0 | AURORA imej pegun = AURORA maksimum 2.
A24: Jika markah sesuatu komponen KURANG DARIPADA 60% maksimumnya (cth. Kreativiti bawah 12, Kandungan bawah 9), tulis justifikasi pada muka 2.
A25: JUMLAH AKHIR = Jumlah komponen ditolak Penalti, tidak kurang daripada 0. Penalti (status aset 0 hingga 3, budi bicara 0 hingga 2) diputuskan oleh hakim sendiri dengan sebab bertulis pada muka 2.
A27: MUKA 2 | PENALTI, JUSTIFIKASI DAN PERAKUAN HAKIM
A28: Bil | B28: Negeri | C28: Pasukan | D28: Audio senyap | E28: Tiada AURORA | F28: AURORA pegun | G28: Penalti aset (0-3) | H28: Penalti budi (0-2) | I28: Sebab penalti (wajib jika ada penalti) | L28: Justifikasi komponen bawah 60% (nyatakan komponen)
A29: 1 | B29: PERLIS | C29: NOVA | D29: [ ] | E29: [ ] | F29: [ ]
A30: 2 | B30: KEDAH | C30: KDH BUDDY | D30: [ ] | E30: [ ] | F30: [ ]
A31: 3 | B31: PULAU PINANG | C31: RAFIQ RANGERS | D31: [ ] | E31: [ ] | F31: [ ]
A32: 4 | B32: KELANTAN | C32: SHE ATE | D32: [ ] | E32: [ ] | F32: [ ]
A33: 5 | B33: TERENGGANU | C33: WIRAWATI CYBER | D33: [ ] | E33: [ ] | F33: [ ]
A34: 6 | B34: PAHANG | C34: YH SRIKANDI | D34: [ ] | E34: [ ] | F34: [ ]
A35: 7 | B35: NEGERI SEMBILAN | C35: WAGHIH TECHNOVA | D35: [ ] | E35: [ ] | F35: [ ]
A36: 8 | B36: MELAKA | C36: TUN TEJA | D36: [ ] | E36: [ ] | F36: [ ]
A37: 9 | B37: PERAK | C37: VORTEX | D37: [ ] | E37: [ ] | F37: [ ]
A38: 10 | B38: SELANGOR | C38: BYTESYNC | D38: [ ] | E38: [ ] | F38: [ ]
A39: 11 | B39: JOHOR | C39: DWI KARYA | D39: [ ] | E39: [ ] | F39: [ ]
A40: 12 | B40: WILAYAH PERSEKUTUAN | C40: SRIKANDI ULTRA | D40: [ ] | E40: [ ] | F40: [ ]
... A42: 14 | B42: SABAH | C42: BORNEO FRAME | D42: [ ] | E42: [ ] | F42: [ ]
A44: Ulasan keseluruhan dan cadangan hakim
A49: PERAKUAN HAKIM: Saya mengesahkan markah dalam borang ini ialah penilaian saya sendiri, dibuat selepas menonton video dan menyemak bukti wajib, tanpa pengaruh pihak lain.
A50: Tandatangan hakim: | I50: Tarikh dan masa:
A51: Nama penuh: | I51: Diterima Urusetia:
